{
    "name": "root",
    "gauges": {
        "Fighter.Policy.Entropy.mean": {
            "value": 0.7345574498176575,
            "min": 0.4624443054199219,
            "max": 3.183452606201172,
            "count": 50
        },
        "Fighter.Policy.Entropy.sum": {
            "value": 15073.119140625,
            "min": 9231.3134765625,
            "max": 65897.46875,
            "count": 50
        },
        "Fighter.Step.mean": {
            "value": 499971.0,
            "min": 9950.0,
            "max": 499971.0,
            "count": 50
        },
        "Fighter.Step.sum": {
            "value": 499971.0,
            "min": 9950.0,
            "max": 499971.0,
            "count": 50
        },
        "Fighter.Policy.ExtrinsicValueEstimate.mean": {
            "value": 40.79035949707031,
            "min": 0.03668087720870972,
            "max": 46.433998107910156,
            "count": 50
        },
        "Fighter.Policy.ExtrinsicValueEstimate.sum": {
            "value": 6363.2958984375,
            "min": 6.015664100646973,
            "max": 7290.1376953125,
            "count": 50
        },
        "Fighter.Losses.PolicyLoss.mean": {
            "value": 0.24131201126368487,
            "min": 0.23633609564421937,
            "max": 0.2546952504445736,
            "count": 50
        },
        "Fighter.Losses.PolicyLoss.sum": {
            "value": 8.44592039422897,
            "min": 4.225864643157169,
            "max": 19.730551178226907,
            "count": 50
        },
        "Fighter.Losses.ValueLoss.mean": {
            "value": 83.81853255671686,
            "min": 2.4130834580365006,
            "max": 212.92558218777526,
            "count": 50
        },
        "Fighter.Losses.ValueLoss.sum": {
            "value": 2933.64863948509,
            "min": 111.00183906967904,
            "max": 14904.790753144269,
            "count": 50
        },
        "Fighter.Policy.LearningRate.mean": {
            "value": 2.985270433514285e-06,
            "min": 2.985270433514285e-06,
            "max": 0.000296326044702913,
            "count": 50
        },
        "Fighter.Policy.LearningRate.sum": {
            "value": 0.00010448446517299998,
            "min": 0.00010448446517299998,
            "max": 0.0221180474273176,
            "count": 50
        },
        "Fighter.Policy.Epsilon.mean": {
            "value": 0.10099505714285716,
            "min": 0.10099505714285716,
            "max": 0.198775347826087,
            "count": 50
        },
        "Fighter.Policy.Epsilon.sum": {
            "value": 3.5348270000000004,
            "min": 1.784966,
            "max": 14.972682400000002,
            "count": 50
        },
        "Fighter.Policy.Beta.mean": {
            "value": 0.0005,
            "min": 0.0005,
            "max": 0.0005000000000000001,
            "count": 50
        },
        "Fighter.Policy.Beta.sum": {
            "value": 0.0175,
            "min": 0.008500000000000002,
            "max": 0.03950000000000001,
            "count": 50
        },
        "Fighter.Environment.EpisodeLength.mean": {
            "value": 5258.25,
            "min": 65.28260869565217,
            "max": 6473.5,
            "count": 49
        },
        "Fighter.Environment.EpisodeLength.sum": {
            "value": 21033.0,
            "min": 1056.0,
            "max": 52895.0,
            "count": 49
        },
        "Fighter.Self-play.ELO.mean": {
            "value": 1166.6805274075875,
            "min": 1166.6805274075875,
            "max": 1197.4362228888524,
            "count": 31
        },
        "Fighter.Self-play.ELO.sum": {
            "value": 1166.6805274075875,
            "min": 1166.6805274075875,
            "max": 35703.955246462596,
            "count": 31
        },
        "Fighter.Environment.CumulativeReward.mean": {
            "value": 3104.6000257730484,
            "min": 3.082351698594935,
            "max": 3104.6000257730484,
            "count": 31
        },
        "Fighter.Environment.CumulativeReward.sum": {
            "value": 3104.6000257730484,
            "min": 52.39997887611389,
            "max": 14542.000606268644,
            "count": 31
        },
        "Fighter.Policy.ExtrinsicReward.mean": {
            "value": 3104.6000257730484,
            "min": 3.082351698594935,
            "max": 3104.6000257730484,
            "count": 31
        },
        "Fighter.Policy.ExtrinsicReward.sum": {
            "value": 3104.6000257730484,
            "min": 52.39997887611389,
            "max": 14542.000606268644,
            "count": 31
        },
        "Fighter.IsTraining.mean": {
            "value": 1.0,
            "min": 1.0,
            "max": 1.0,
            "count": 50
        },
        "Fighter.IsTraining.sum": {
            "value": 1.0,
            "min": 1.0,
            "max": 1.0,
            "count": 50
        }
    },
    "metadata": {
        "timer_format_version": "0.1.0",
        "start_time_seconds": "1716982563",
        "python_version": "3.9.18 (main, Sep 11 2023, 14:09:26) [MSC v.1916 64 bit (AMD64)]",
        "command_line_arguments": "C:\\Users\\domin\\Anaconda3\\envs\\mlagents3\\Scripts\\mlagents-learn config/box_config.yaml --run-id=BoxFight_newRewards3",
        "mlagents_version": "1.1.0.dev0",
        "mlagents_envs_version": "1.1.0.dev0",
        "communication_protocol_version": "1.5.0",
        "pytorch_version": "2.3.0+cpu",
        "numpy_version": "1.23.5",
        "end_time_seconds": "1716984727"
    },
    "total": 2164.5817399,
    "count": 1,
    "self": 0.006397799999831477,
    "children": {
        "run_training.setup": {
            "total": 0.08717480000000011,
            "count": 1,
            "self": 0.08717480000000011
        },
        "TrainerController.start_learning": {
            "total": 2164.4881673,
            "count": 1,
            "self": 1.0107776000149897,
            "children": {
                "TrainerController._reset_env": {
                    "total": 8.779221300000003,
                    "count": 3,
                    "self": 8.779221300000003
                },
                "TrainerController.advance": {
                    "total": 2154.629385899985,
                    "count": 57437,
                    "self": 0.9887089999879208,
                    "children": {
                        "env_step": {
                            "total": 1047.737967599998,
                            "count": 57437,
                            "self": 879.2029989999761,
                            "children": {
                                "SubprocessEnvManager._take_step": {
                                    "total": 167.89971450001832,
                                    "count": 57437,
                                    "self": 5.0265028000195855,
                                    "children": {
                                        "TorchPolicy.evaluate": {
                                            "total": 162.87321169999873,
                                            "count": 111302,
                                            "self": 162.87321169999873
                                        }
                                    }
                                },
                                "workers": {
                                    "total": 0.6352541000035945,
                                    "count": 57437,
                                    "self": 0.0,
                                    "children": {
                                        "worker_root": {
                                            "total": 2155.3164374999965,
                                            "count": 57437,
                                            "is_parallel": true,
                                            "self": 1356.8306457000253,